task_id,task_name,dataset_group,cancer,tissue,task_category,analysis_level,public_label,verification_status
bach_external_benchmarking_cohort_brca_breast_diagnostic_primary_diagnosis_and_histologic_subtyping_patch,BACH,External_benchmarking_cohort,BRCA,breast,Diagnostic: Primary Diagnosis and Histologic Subtyping,Patch,External_benchmarking_cohort,benchmark_discovery_only
blca_hist_subtype_tcga_blca_bladder_diagnostic_histologic_subtyping_slide,blca hist subtype,TCGA,BLCA,bladder,Diagnostic: Histologic Subtyping,Slide,TCGA,benchmark_discovery_only
blca_mrna_cluster_tcga_blca_bladder_gene_expression_subtype_prediction_slide,blca mrna cluster,TCGA,BLCA,bladder,Gene Expression Subtype Prediction,Slide,TCGA,benchmark_discovery_only
bracs_external_benchmarking_cohort_brca_breast_diagnostic_primary_diagnosis_and_histologic_subtyping_patch,BRACS,External_benchmarking_cohort,BRCA,breast,Diagnostic: Primary Diagnosis and Histologic Subtyping,Patch,External_benchmarking_cohort,benchmark_discovery_only
brain_exp_subtype_tcga_gbm_lgg_brain_gene_expression_subtype_prediction_slide,brain exp subtype,TCGA,GBM+LGG,brain,Gene Expression Subtype Prediction,Slide,TCGA,benchmark_discovery_only
brain_hist_subtype_tcga_gbm_lgg_brain_diagnostic_histologic_subtyping_slide,brain hist subtype,TCGA,GBM+LGG,brain,Diagnostic: Histologic Subtyping,Slide,TCGA,benchmark_discovery_only
brain_necrosis_out_of_domain_brain_brain_diagnostic_other_slide,brain necrosis,Out of Domain,Brain,brain,Diagnostic: Other,Slide,Stanford,benchmark_discovery_only
breakhis_external_benchmarking_cohort_brca_breast_diagnostic_primary_diagnosis_patch,BreakHis,External_benchmarking_cohort,BRCA,breast,Diagnostic: Primary Diagnosis ,Patch,External_benchmarking_cohort,benchmark_discovery_only
chrom_cptac_pan_cancer_pan_cancer_pathway_activation_status_prediction_slide,Chrom,CPTAC,Pan-cancer,pan-cancer,Pathway Activation Status Prediction,Slide,CPTAC,benchmark_discovery_only
cptac_grade_cptac_pan_cancer_pan_cancer_diagnostic_tumor_grading_slide,CPTAC-grade,CPTAC,Pan-cancer,pan-cancer,Diagnostic: Tumor Grading,Slide,CPTAC,benchmark_discovery_only
cptac_myc_cptac_pan_cancer_pan_cancer_pathway_activation_status_prediction_slide,CPTAC-MYC,CPTAC,Pan-cancer,pan-cancer,Pathway Activation Status Prediction,Slide,CPTAC,benchmark_discovery_only
er_status_tcga_brca_breast_biomarker_status_prediction_slide,ER status,TCGA,BRCA,breast,Biomarker Status Prediction,Slide,TCGA,benchmark_discovery_only
erg_status_tcga_prad_prostate_biomarker_status_prediction_slide,ERG status,TCGA,PRAD,prostate,Biomarker Status Prediction,Slide,TCGA,benchmark_discovery_only
gi_subtype_tcga_gi_gi_biomarker_status_prediction_slide,gi subtype,TCGA,GI,GI,Biomarker Status Prediction,Slide,TCGA,benchmark_discovery_only
idh_tcga_gbm_lgg_brain_biomarker_status_prediction_slide,IDH,TCGA,GBM+LGG,brain,Biomarker Status Prediction,Slide,TCGA,benchmark_discovery_only
immunegroup_tcga_pan_cancer_pan_cancer_gene_expression_subtype_prediction_slide,Immunegroup,TCGA,Pan-cancer,pan-cancer,Gene Expression Subtype Prediction,Slide,TCGA,benchmark_discovery_only
kidney_subtype_tcga_kirc_kirp_kich_kidney_diagnostic_histologic_subtyping_slide,kidney subtype,TCGA,KIRC + KIRP + KICH,kidney,Diagnostic: Histologic Subtyping,Slide,TCGA,benchmark_discovery_only
lc25000_external_benchmarking_cohort_pan_cancer_pan_cancer_diagnostic_primary_diagnosis_and_histologic_subtyping_patch,LC25000,External_benchmarking_cohort,Pan-cancer,pan-cancer,Diagnostic: Primary Diagnosis and Histologic Subtyping,Patch,External_benchmarking_cohort,benchmark_discovery_only
lung_exp_subtype_tcga_lusc_luad_lung_gene_expression_subtype_prediction_slide,lung exp subtype,TCGA,LUSC+LUAD,lung,Gene Expression Subtype Prediction,Slide,TCGA,benchmark_discovery_only
lung_grade_out_of_domain_lung_lung_diagnostic_tumor_grading_slide,lung grade,Out of Domain,Lung,lung,Diagnostic: Tumor Grading,Slide,NLST,benchmark_discovery_only
lung_hist_ood1_out_of_domain_lung_lung_diagnostic_histologic_subtyping_slide,lung hist OOD1,Out of Domain,Lung,lung,Diagnostic: Histologic Subtyping,Slide,Stanford,benchmark_discovery_only
lung_hist_ood2_out_of_domain_lung_lung_diagnostic_histologic_subtyping_slide,lung hist OOD2,Out of Domain,Lung,lung,Diagnostic: Histologic Subtyping,Slide,DHMC,benchmark_discovery_only
lung_stage_ood_out_of_domain_lung_lung_diagnostic_tumor_staging_slide,lung stage OOD,Out of Domain,Lung,lung,Diagnostic: Tumor Staging,Slide,Stanford,benchmark_discovery_only
lung_stage_out_of_domain_lung_lung_diagnostic_tumor_staging_slide,lung stage,Out of Domain,Lung,lung,Diagnostic: Tumor Staging,Slide,NLST,benchmark_discovery_only
lusc_vs_luad_tcga_lusc_luad_lung_diagnostic_histologic_subtyping_slide,lusc vs luad,TCGA,LUSC+LUAD,lung,Diagnostic: Histologic Subtyping,Slide,TCGA,benchmark_discovery_only
mgmt_ood_out_of_domain_brain_brain_biomarker_status_prediction_slide,MGMT OOD,Out of Domain,Brain,brain,Biomarker Status Prediction,Slide,Stanford,benchmark_discovery_only
mgmt_tcga_gbm_lgg_brain_biomarker_status_prediction_slide,MGMT,TCGA,GBM+LGG,brain,Biomarker Status Prediction,Slide,TCGA,benchmark_discovery_only
mhist_external_benchmarking_cohort_coad_colon_diagnostic_histologic_subtyping_patch,MHIST,External_benchmarking_cohort,COAD,colon,Diagnostic: Histologic Subtyping,Patch,External_benchmarking_cohort,benchmark_discovery_only
mtor_cptac_pan_cancer_pan_cancer_pathway_activation_status_prediction_slide,MTOR,CPTAC,Pan-cancer,pan-cancer,Pathway Activation Status Prediction,Slide,CPTAC,benchmark_discovery_only
myc_tcga_pan_cancer_pan_cancer_pathway_activation_status_prediction_slide,MYC,TCGA,Pan-cancer,pan-cancer,Pathway Activation Status Prediction,Slide,TCGA,benchmark_discovery_only
nct_crc_he_external_benchmarking_cohort_coad_colon_diagnostic_tissue_type_classification_patch,NCT-CRC-HE,External_benchmarking_cohort,COAD,colon,Diagnostic: Tissue type classification,Patch,External_benchmarking_cohort,benchmark_discovery_only
p53_cptac_pan_cancer_pan_cancer_pathway_activation_status_prediction_slide,P53,CPTAC,Pan-cancer,pan-cancer,Pathway Activation Status Prediction,Slide,CPTAC,benchmark_discovery_only
pam50_status_tcga_brca_breast_gene_expression_subtype_prediction_slide,PAM50 status,TCGA,BRCA,breast,Gene Expression Subtype Prediction,Slide,TCGA,benchmark_discovery_only
pi3k_tcga_pan_cancer_pan_cancer_pathway_activation_status_prediction_slide,PI3K,TCGA,Pan-cancer,pan-cancer,Pathway Activation Status Prediction,Slide,TCGA,benchmark_discovery_only
pr_status_tcga_brca_breast_biomarker_status_prediction_slide,PR status,TCGA,BRCA,breast,Biomarker Status Prediction,Slide,TCGA,benchmark_discovery_only
prad_mrna_cluster_tcga_prad_prostate_gene_expression_subtype_prediction_slide,prad mrna cluster,TCGA,PRAD,prostate,Gene Expression Subtype Prediction,Slide,TCGA,benchmark_discovery_only
sicapv2_external_benchmarking_cohort_prad_prostate_diagnostic_primary_diagnosis_and_tumor_grading_patch,SICAPv2,External_benchmarking_cohort,PRAD,prostate,Diagnostic: Primary Diagnosis and Tumor Grading,Patch,External_benchmarking_cohort,benchmark_discovery_only
swi_cptac_pan_cancer_pan_cancer_pathway_activation_status_prediction_slide,SWI,CPTAC,Pan-cancer,pan-cancer,Pathway Activation Status Prediction,Slide,CPTAC,benchmark_discovery_only
tcga_grade_tcga_pan_cancer_pan_cancer_diagnostic_tumor_grading_slide,TCGA-Grade,TCGA,Pan-cancer,pan-cancer,Diagnostic: Tumor Grading,Slide,TCGA,benchmark_discovery_only
tumor_label_cptac_pan_cancer_pan_cancer_diagnostic_histologic_subtyping_slide,tumor label,CPTAC,Pan-cancer,pan-cancer,Diagnostic: Histologic Subtyping,Slide,CPTAC,benchmark_discovery_only
unitopatho_external_benchmarking_cohort_coad_colon_diagnostic_primary_diagnosis_patch,UniToPatho,External_benchmarking_cohort,COAD,colon,Diagnostic: Primary Diagnosis,Patch,External_benchmarking_cohort,benchmark_discovery_only
