assertion_id,model_id,model_version,development_stage,dataset_id,corpus_label,evidence_strength,source_url,source_version,retrieved_date,evidence_summary,curator_status
A0001,ctranspath,CTransPath published checkpoint,pretraining,tcga,TCGA,B_explicit_primary_source_statement,https://github.com/Xiyue-Wang/TransPath/tree/26c61940312dbb239351eff46fe08c884e9e5c3e,git commit 26c61940312dbb239351eff46fe08c884e9e5c3e,2026-09-27,Official repository instructs downloading all TCGA WSIs for pretraining and reports approximately 15 million images from TCGA and PAIP.,primary_source_verified
A0002,ctranspath,CTransPath published checkpoint,pretraining,paip,PAIP,B_explicit_primary_source_statement,https://github.com/Xiyue-Wang/TransPath/tree/26c61940312dbb239351eff46fe08c884e9e5c3e,git commit 26c61940312dbb239351eff46fe08c884e9e5c3e,2026-09-27,Official repository instructs downloading all PAIP WSIs for pretraining.,primary_source_verified
A0003,phikon,Phikon original,pretraining,tcga,TCGA PanCancer,B_explicit_primary_source_statement,https://huggingface.co/blog/EazyAl/phikon,model description retrieved 2026-09-27,2026-09-27,Official developer description states that pretraining data were derived from TCGA.,primary_source_verified
A0004,phikon_v2,Phikon-v2,pretraining,tcga,PANCAN-XL,B_explicit_primary_source_statement,https://huggingface.co/owkin/phikon-v2/blob/2ae989a9c40cffaa27f0a6cb29cc94d1d6f9a5fd/README.md,Hugging Face revision 2ae989a9c40cffaa27f0a6cb29cc94d1d6f9a5fd,2026-09-27,Official model card identifies TCGA as a PANCAN-XL component.,primary_source_verified
A0005,phikon_v2,Phikon-v2,pretraining,cptac,PANCAN-XL,B_explicit_primary_source_statement,https://huggingface.co/owkin/phikon-v2/blob/2ae989a9c40cffaa27f0a6cb29cc94d1d6f9a5fd/README.md,Hugging Face revision 2ae989a9c40cffaa27f0a6cb29cc94d1d6f9a5fd,2026-09-27,Official model card identifies CPTAC as a PANCAN-XL component.,primary_source_verified
A0006,phikon_v2,Phikon-v2,pretraining,gtex,PANCAN-XL,B_explicit_primary_source_statement,https://huggingface.co/owkin/phikon-v2/blob/2ae989a9c40cffaa27f0a6cb29cc94d1d6f9a5fd/README.md,Hugging Face revision 2ae989a9c40cffaa27f0a6cb29cc94d1d6f9a5fd,2026-09-27,Official model card identifies GTEx as a PANCAN-XL component.,primary_source_verified
A0007,phikon_v2,Phikon-v2,pretraining,tcia,PANCAN-XL,B_explicit_primary_source_statement,https://huggingface.co/owkin/phikon-v2/blob/2ae989a9c40cffaa27f0a6cb29cc94d1d6f9a5fd/README.md,Hugging Face revision 2ae989a9c40cffaa27f0a6cb29cc94d1d6f9a5fd,2026-09-27,Official model card identifies TCIA among PANCAN-XL sources.,primary_source_verified
A0008,uni,UNI,pretraining,mass_100k,Mass-100K,B_explicit_primary_source_statement,https://www.nature.com/articles/s41591-024-02857-3,published paper,2026-09-27,Primary paper describes UNI pretraining on Mass-100K.,primary_source_verified
A0009,uni,UNI,pretraining,gtex,Mass-100K GTEx component,B_explicit_primary_source_statement,https://www.nature.com/articles/s41591-024-02857-3,published paper,2026-09-27,Primary paper describes GTEx as a component of the pretraining corpus.,primary_source_verified
A0010,titan,TITAN,pretraining,mass_340k,Mass-340K,B_explicit_primary_source_statement,https://www.nature.com/articles/s41591-025-03982-3,published paper,2026-09-27,Primary paper describes visual pretraining on 335645 WSIs in Mass-340K.,primary_source_verified
A0011,titan,TITAN,pretraining,gtex,Mass-340K GTEx component,B_explicit_primary_source_statement,https://www.nature.com/articles/s41591-025-03982-3,published paper,2026-09-27,Primary paper identifies GTEx as a component of Mass-340K.,primary_source_verified
A0012,prov_gigapath,Prov-GigaPath,pretraining,providence_171k,Prov-Path,B_explicit_primary_source_statement,https://www.nature.com/articles/s41586-024-07441-w,published paper,2026-09-27,Primary paper describes pretraining on more than 170000 Providence whole slides and more than one billion tiles.,primary_source_verified
A0013,virchow,Virchow,pretraining,msk_15m,MSKCC 1.5M,B_explicit_primary_source_statement,https://www.nature.com/articles/s41591-024-03141-0,published paper,2026-09-27,Primary paper describes pretraining on 1.5 million MSKCC whole slide images.,primary_source_verified
A0014,virchow2,Virchow2,pretraining,msk_31m,MSKCC 3.1M,B_explicit_primary_source_statement,https://huggingface.co/paige-ai/Virchow2/blob/3158645804b69e3f3bc4439d4116edddf0840a72/README.md,Hugging Face revision 3158645804b69e3f3bc4439d4116edddf0840a72,2026-09-27,Official model card states pretraining on 3.1 million MSKCC whole slide images.,primary_source_verified
A0015,h_optimus_0,H-optimus-0,pretraining,hoptimus0_proprietary_500k,Proprietary 500K-plus WSI corpus,B_explicit_primary_source_statement,https://huggingface.co/bioptimus/H-optimus-0/blob/b145cc1e6c6b30d3251aa8b1f844e6974188a743/README.md,Hugging Face revision b145cc1e6c6b30d3251aa8b1f844e6974188a743,2026-09-27,Official model card describes a proprietary collection of more than 500000 H&E whole slide images without dataset identifiers.,primary_source_verified_incomplete_identity
A0016,hipt,HIPT released checkpoints,pretraining,tcga,TCGA PanCancer,B_explicit_primary_source_statement,https://github.com/mahmoodlab/HIPT/tree/780fafaed2e5b112bc1ed6e78852af1fe6714342,git commit 780fafaed2e5b112bc1ed6e78852af1fe6714342,2026-09-28,Official repository states that the released hierarchical encoders were pretrained on TCGA whole-slide image patches and regions.,primary_source_verified
A0017,lunit_dinosslpath,Lunit DINO ViT-S released checkpoint,pretraining,tcga,TCGA,B_explicit_primary_source_statement,https://github.com/lunit-io/benchmark-ssl-pathology/tree/d0288debae457da22868bf54d60cd99fe5b0f837,git commit d0288debae457da22868bf54d60cd99fe5b0f837,2026-09-28,Official repository states that the released ViT-S SSL weights were pretrained on 19 million patches using TCGA.,primary_source_verified
A0018,h_optimus_mini_h0_mini,H0-mini,distillation,tcga,PanCancer40M,B_explicit_primary_source_statement,https://huggingface.co/bioptimus/H0-mini/tree/5b5cc0505d19ae558270045eb0df8c34df4d9609,Hugging Face revision 5b5cc0505d19ae558270045eb0df8c34df4d9609,2026-09-28,Official model card states that H0-mini was distilled on 43 million tiles from 6093 TCGA slides and publishes tile coordinates.,primary_source_verified_manifest_available
